text,label
vibration abdomen slimming machine weight loss lazy big belly thin waist stovepipe fat burning abdominal massage fitness equip,disease
abdominal muscle stimulator trainer em ab fitness equipment training gear muscle electrostimulator exercise home gym,disease
pc abdominal roller home fitness equipment abdominal wheel manual double wheel abdominal wheel,disease
abdominal trainer belly weight loss smart slimming waist band exercise massager body shaping rechargeable gym fitness equiment,disease
emszero body contouring machine em neo rf slimming sculpting muscle electromagnetic sale,disease
tpe puller pedal ankle abdominal exerciser pull rope expander elastic band home gym sport training fitness equipment,disease
led wrist power ball trainer gyroscopic grip gyro ball strengthener arm home fitness hand muscle forearm exerciser,disease
em abdominal fitness instrument sport outdoor abdominal machine slimming belly artifact muscle lazy people abdom unisex,disease
fitness trainer lung training equipment silicone breathing mouthpiece respirator household health care exercise training,disease
professional low level laser therapy health care lllt physiotherapy equipment back neck muscle massage,disease
waist twisting disc balance board fitness equipment home body aerobic rotating sport magnetic massageplate exercise wobble,disease
fitness resistance band set workout exercise tube band door anchor ankle strap cushioned home gym travel,disease
silicone jaw exerciser facial toner jawline fitness ball neck toning equipment facial beauty tool double chin exerciser,disease
workout bar fit resistance band clip portable resistance band exercise bar fitness home gym workout full body,disease
lpg massage machine vela shape vacuum face lift cavitation multipolar roller slimming equipment vertical weight loss,disease
mm rope skipping shockproof exercise mat exercise yoga mat non slip jump rope mat indoor outdoor green,disease
abdominal muscle trainer shaping fitness intelligent device home gym electric weight loss exercise patch blue orange,disease
multifunctional leg arm exerciser pelvic floor muscle repair leg clip postpartum recovery rotating home gym fitness equipment,disease
em abdominal muscle stimulator fitness ab arm training patch muscle exercise instrument usb charging home men,disease
body slimming machine muscle stimulation emsone neo body sculpture pelvic muscle stimulator salon,disease
wrist power ball led grip gyro ball gyroscope trainer hand muscle relax arm fitness home exercise sport equipment,disease
lingpeng resistance band set men woman elastic band different resistance level long workout home gym,disease
inflatable massage ball pvc half sphere fitball woman child yoga trainer balancing ball gym health sport pilate fitness,disease
pull rope resistance band portable fitness equipment ankle strap chest expander elastic exercise band,disease
tesla emsone neo body slimming machine em rf muscle stimulate body shaping machine fat burning,disease
yoga column foam fitness muscle training pilate sport massage foam roller grid trigger point therapy home gym exercise,disease
pvc leg muscle trainer thin stovepipe clip slim leg fitness gym thigh master arm chest waist trainer fitness equipment,disease
pair premium wrist support fitness wristband protect wrist gym workout ideal intense bench press deadlift,disease
em abdominal fitness instrument sport outdoor abdominal machine slimming belly artifact muscle lazy people abdom unisex,disease
exili ultra machine fat reduction skin lifting facial protege fat knife ultra body contouring equipment,disease
fitness gel pad abdominal ab em trainer weight loss muscle stimulator exerciser replacement massage gel patch hydrogel kit,disease
westtune smart weighted fit hoop exercise circle infinity fitness hoop detachable knot adult weight loss exercise,disease
fitness tension device multifunctional yoga back beautifying loss muscle weight thigh exerciser tool strengthening leg sha,disease
professional woman weighted counting jump rope fitness fat burning indoor exercise specialized weight loss,disease
lpg vacuum massage equipment weight loss face lift cellulite reductionn skin tightening body shaping cavitaion slimming machine,disease
heavy duty fitness lat lift pulley cable system steel rope biceps triceps roller home gym equipment cable replacement,disease
relaxation therapy baoding ball fitness hand chinese health finger exercise,disease
thicken new stability back posture corrector brace shoulder back pain home office sport upper back neck brace,disease
pinjian pair toe arch trainer thumb valgus corrector leg muscle buttock exerciser yoga fitness tool portable strength traini,disease
hot selling item emszero neo body sculpting hiemt machine muscle build handle rf em pelvic stimulation pad optional,disease
smart em wireless muscle stimulator trainer massager fitness abdominal training electric weight loss body slimming pad,disease
electric em muscle stimulator buttock hip trainer abdominal ab stimulator arm neck massage fitness body slimming massager,disease
usb rechargeable em muscle stimulator hip trainer abdominal ab stimulator fitness body slimming massager weight loss slimming,disease
yoga column foam fitness muscle training pilate sport massage foam roller grid trigger point therapy home gym exercise,disease
emsslim neo rf body contouring machine roller fat reduction em sculpt shaping hiemt weight loss medspa emszero,disease
electric muscle stimulator em wireless buttock hip trainer abdominal ab stimulator fitness body slimming massager,disease
puller male shoulder expander home fitness equipment male female rubber tube arm strength pectoral muscle training tool,disease
leg device type trainer leg muscle thin stovepipe clip slim leg fitness gym thigh master arm chest waist trainer,disease
knot fitness smart sport hoop adjustable waist exercise gym trainer body shaper equipment slimming weight loss dropshipping,disease
shock wave therapy pneumatic shockwave therapy equipment suitable patient limb dyskinesia muscle bone pain,disease
home stretch fitness rope gym exercise resistance door hanging training suspension solid color training equipment,disease
leg muscle sphincter exerciser pelvic floor exerciser inner thigh fitness equipment hip leg trainer pelvic floor muscle trainer,disease
adjustable heavy hand grip strengthener finger expander arm wrist forearm trainer fitness steel spring exercise,disease
shape floor chest workout equipment foam handle push stand bar anti slip home fitness chest training equipment,disease
emsslim neo rf machine emszero body contouring machine weight loss em body sculpt muscle stimulation equipment,disease
silicone jaw exerciser facial toner jawline fitness ball neck toning equipment facial beauty tool double chin exerciser,disease
foot stretcher rocker ankle stretch stretching calf muscle yoga fitness exercise massage auxiliary board home fitness equipment,disease
tricep rope push pull cord bodybuilding exercise gym workout home gym use fitness exercise body equipment,disease
weighted ball rope adult version cordless weighted jump rope home use sport equipment,disease
electric abdominal toning belt em body slimming massage belt heating warm belly abdomen muscle stimulator fitness weight lose,disease
tricep rope push pull cord bodybuilding exercise gym workout home gym use fitness exercise body equipment,disease
gym elastic band fitness training equipment yoga resistance band exercise volume find gym workout bodybuilding pilate,disease
multifunctional pilate stick fitness sport daily pilate shaping body fitness equipment resistance band tightens muscle,disease
metal gym handle grip workout heavy duty cable machine handle hook home resistance band fitness accessory,disease
new neo body slimming machine emszero lose weight gain muscle rf handle working simultaneously,disease
yoga sport resistance band pilate training fitness exercise home gym elastic band natural rubber latex yoga accessory,disease
jawline exerciser ball facial jaw muscle toner trainin fitness silica face chin cheek lifting slimmin,disease
set training board multifunction bracket men auxiliary appliance home fitness artifact flat support bodybuilding,disease
jaw exercise ball silica gel jawline muscle trainin fitness slimming ball nack face toning jaw exerciser relex gadget,disease
portable beauty salon freeze cavitation radio frequency k ultrasonic cavitation vacuum body weight loss machine,disease
nordic hamstring curl strap leg exercise assisted strap belt neoprene pad workout home gym fitness equipment ,disease
bar leg stretcher adjustable split stretching machine stainless steel home yoga dance exercise flexibility training equipment,disease
abdominal muscle trainer powered electric dry battery exercise shaping fitness portable home travel,disease
lung capacity abdominal breathing trainer breathing exercise lung exercise endurance equipment portable fitness equipment,disease
vacuum cavitation ultrasonic fat burning cellulite removal body slimming shape massage blast machine,disease
fitness arm wrestling training strap home gym finger wrist forearm arm blaster armwrestling pronation rope hand grip band,disease
fitness tension device multifunctional yoga back beautifying loss muscle weight thigh exerciser tool strengthening leg sha,disease
pinjian magic device thigh leg beauty home hip lifting fitness yoga equipment leg clip pelvic floor muscle,disease
peanut yoga ball home exercise fitness equipment sport gym yoga pilate trainning pump,disease
emszero body shaping muscle stimulation fat removal fitness muscle boosting pelvic training equipment,disease
resistance band fitness booty band hip circle fabric fitness rubber expander elastic band home workout exercise equipment,disease
rack fitness equipment hand sponge grip muscle training push bar chest home gym body building,disease
rotating body roller fitness massager sliming machine rolling bead cylinder therapy body contouring machine,disease
bodybuilding water dumbbell weight dumbbell slimming fitness gym equipment yoga crossfit training sport plastic bottle exercise,disease
professional body slimming machine emszero neo em muscle stimulator burn fat muscle sculpt equipment,disease
child grow taller balance toy frog jumping outdoor exercise equipment color boy girl fitness bouncing sound,disease
vertical jump measuring tool high jump test stick pole training tool touching patting adjustable vertical jump trainer,disease
cordless jump rope ball fitness weight exercise specialized gravity counting adjustable home exercise equipment gym training,disease
magic device thigh leg beauty home hip lifting fitness yoga equipment leg clip pelvic floor muscle trainer,disease
latest ultrasonic cavitation machine professional vacuum radia frequency skin tightening body sculpting machine,disease
hand grip arm trainer gym forearm exerciser finger muscle recovery rehabilitation,disease
push board multifunction portable workout fitness equipment home gym exercise push stand handle grip pole,disease
eva pilate yoga block cube brick bolster pillow cushion sport yoga supply workout home exercise bodybuilding equipment,disease
eva pilate yoga block cube brick bolster pillow cushion sport yoga supply workout home exercise bodybuilding equipment,disease
health yoga ball triflow volumetric deep breathing exerciser inspiratory trainer spirometry lung function spirometer,disease
counting jump rope ball steel pvc skipping rope exercise adjustable cordless jump rope fitness gym training home sport equipment,disease
hand forearm trainer wrist strengthener grip trainer bar arm home exercise fitness enthusiast red,disease
fitness pilate workout stability donut shaped indoor training core yoga support air pump home office purple,disease
yoga rope shape expander exercise band fitness resistance band gym home,disease
fitness pulley ring professional arm shoulder cervical spine home supply door tpr household accessory exercise,disease
miyaup gym fitness equipment home indoor strength leg muscle comprehensive training machine,disease
multifunctional adjustable supine board home fitness machine abdominal muscle exercise dumbbell bench,disease
miyaup gym fitness equipment home indoor strength leg muscle comprehensive training machine,disease
leg muscle fitness workout exercise machine home gym sport equipment thigh master arm chest waist,disease
miyaup gym professional commercial fitness weigh loss exercise equipment home indoor machine,disease
elastic band fitness pilate bar kit resistance band fitness stick detachable workout bar exercise band,disease
jusenda natural cork yoga mat tpe fitness carpet sport exercise yoga training slimming pad inch,disease
resistance band set bodybuilding home professional weight training fitness elastic rubber band,disease
resistance band set yoga workout band home exercise band door anchor handle ankle strap gym,disease
resistance band set bodybuilding home professional weight training fitness elastic rubber band,disease
resistance band heavy duty latex sport elastic belt pull assist band pilate workout fitness shape body home gym,disease
ice silk memory cotton sleep eyemask portable travel light shielding cloud eye mask guarantee sleep health eyeshade tool,disease
plantar fasciitis compression sock best ankle compression sleeve nano brace everyday use provides arch support heel pain,disease
diameter yoga exercise gymnastics pilate yoga balance ball gym home training yoga ball,disease
new slimming cellulite massager eletric belly slimming fat burner belt body massager burner abdominal muscle stimulator,disease
yoga pilate resistance band training stretch band physical therapy lower body strength fitness exercise elastic band home gym,disease
emszero em body slimming sculpting neo sculpt machine fat burning nova weight lose electromagnetic muscle fat removal,disease
squat buttock lifting trainer thin waist leg training rowing trainer home gym equipment,disease
belly cruncher crunch aid fitness equipment gym exercise accessory home iron assist device tool,disease
color resistance band natural latex expander power yoga rubber loop fitness elastic band pilate sport workout equipment,disease
yoga hip circle fitness resistance band fabric fitness expander elastic band gym home workout exercise equipment,disease
portable resistance band exercise bar set home squat pilate workout strength training hook bar fitness equipment,disease
sport ankle brace compression sleeve ankle sprain ankle support plantar fasciitis sock running basketball volleyball,disease
high frequency therapy cet ret rf body physiotherapy machine rehabilitation pain relief massager equipment,disease
wheel fitness equipment ab workout equipment home workout equipment strength training equipment ab stimulator,disease
push rack home use support frame fitness exercise equipment floor sponge plate,disease
sport ankle brace compression sleeve ankle sprain ankle support plantar fasciitis sock volleyball basketball soccer,disease
plantar fasciitis sock ankle brace compression support sleeve arch support foot compression sleeve achilles tendoniti,disease
ankle sleeve support brace swell reduce stabilize pain relief strain joint exercise compress sock arch foot recovery,disease
home small abdominal training fitness equipment abdominal muscle wheel set roll belly roller fitness belly wheel,disease
hand weight dumbbell kid weight set home gym workout child exercise fitness set,disease
foldable bracket home use fitness stand rack push bar red,disease
hand weight dumbbell kid weight set home gym workout child exercise fitness set,disease
rope skipping mat round fitness mat durable soundproof household thickening indoor outdoor fitness sport,disease
sitting home fitness portable tool gym workout abdominal curl exercise assistant device lose weight equipment,disease
treadmill child indoor exercise running machine fitness equipment digital display kid running trainer toy,disease
hand exerciser train finger strength silicone grip ring massage portable home gym expander arm hot,disease
foldable bracket home use fitness stand rack push bar red,disease
speed jumping rope steel wire durable fast jump rope cable sport child exercise workout equipment home gym,disease
mini treadmill walking machine home fitness exercise equipment electric treadmill gym folding running machine,disease
adjustable ankle weight woman men pair leg wrist yoga walking running aerobics gym dance pilate cardio,disease
dumbbell rack compact dumbbell bracket free weight stand home gym exercise weight lifting rack floor bracket,disease
fitness dumbbell adjustable weight double lid water dumbbell home gym weight loss tool yoga exercise,disease
early education fitness equipment gift kindergarten exercise home dancing prop child dumbbell hand weight gym,disease
crossfit speed jump rope adjustable skipping rope mma boxing fitness skip workout training carrying bag,disease
rock climbing finger strengthener board pull board hangboard trainer forearm strengthener grip practice home outdoor,disease
waist twisting board fitness sport twisting waist disc ankle body aerobic exercise trim arm hip thigh slimming training,disease
mini hand gripper professional woman foam finger power strengthener hand grip palm exercise portable home fitness equipment,disease
foam barbell squat bar neck pad weight cushion home gym hip thrust shoulder neck support weightlifting strength training,disease
pc fitness door buckle elastic band anchor training resistance strap home,disease
multifuctional strength resistance band sucker exercise band chest expander muscle fitness arm training equipment home gym,disease
yoga pilate bar stick crossfit resistance band trainer yoga pull rod pull rope portable home gym body workout equipment,disease
wrist trainer gyro ball gyroball arm hand muscle force trainer exercise strengthener home fitness equipment,disease
portable home gym system large compact push board pilate bar fitness accessory resistance band,disease
build muscle strength hand hand muscle training silicone ring perfect home gym,disease
fitness workout weighted handle pvc coated steel wire adjustable speed skipping rope jump rope,disease
deiris water filled dumbbell set men woman arm muscle training gym home fitness travel adjustable weight dumbbell,disease
running machine cover waterproof foldable treadmill cover indoor outdoor fitness equipment,disease
portable travel fitness dumbbell set adjustable weight gym arm muscle home outdoor exercise equipment,disease
smart adjustable sport hoop abdominal thin waist exercise detachable hola massage fitness hoop gym home training weight loss,disease
gomoreon arthritis glove woman men carpal tunnel rheumatiod tendonitis fingerless hand thumb compression glove,disease
adjustable folding multifunctional workout weight bench barbell rack home fitness exercise strength training bench,disease
silica gel leather weight lifting hand guard glove dumbbell pull grip protector pad fitness sport home gym glove,disease
workout band physical therapy pilate yoga portable resistance fitness exercise loop band gymnastics home rubber band,disease
jump rope adjustable sport lose weight speed skipping exercise gym crossfit fitness equipment cuerda para saltar,disease
arm wrestling training fat heavy duty grip handle forearm exerciser strengthener pronation rising workout home equipment,disease
yoga pilate resistance band long training stretch band physical therapy lower body home strength elastic exercise band,disease
spare rope crossfit replaceable wire cable speed jump rope skipping rope color red blue black steel wire,disease
pair fitness exercise resistance band ankle strap cuff cable machine ab leg glute training home gym fitness equipment,disease
fitness weight lifting belt heavy duty strap thick neoprene dip belt home gym pull squat crossfit bodybuilding training,disease
worthdefence training resistance band gym home fitness rubber expander yoga pull assist gum exercise workout equipment,disease
speed skipping rope ball bearing eva foam handle adjustable jump rope gym fitness exercise equipment,disease
ankle brace compression sleeve plantar fasciitis sock achilles tendonitis joint pain heel spur pain foot arch support,disease
abdominal belt ab exercise harness padded shoulder strap home gym equipment,disease
weight lifting hook grip wrist wrap gym fitness hook suitable weightlifting,disease
antiskid grain yoga balance ball thick half home gym fitness ball pilate fitball wave speed ball,disease
ankle brace men woman adjustable athletics achillies tendon ankle support ankle sleeve plantar fasciitis running,disease
facial jaw exerciser gym fitness ball jawline muscle training double chin reducer neck face slimming mouth jawliner,disease
fitness trainer lung training equipment silicone breathing mouthpiece respirator household health care exercise training,disease
slimming gym equipment fitness balance board weight loss twister board twist waist disc slimming strengthening,disease
ankle brace men woman adjustable athletics achillies tendon ankle support ankle sleeve plantar fasciitis running,disease
facial jaw exerciser gym fitness ball jawline muscle training double chin reducer neck face slimming mouth jawliner,disease
fitness trainer lung training equipment silicone breathing mouthpiece respirator household health care exercise training,disease
slimming gym equipment fitness balance board weight loss twister board twist waist disc slimming strengthening,disease
hand gripper forearm hand expander dynamometer strengthen training hand finger exersiser trainer grip strength crossfit,disease
woman pelvic floor muscle trainer adjustable rotating anti arm slip device back training color fitness home trainer shapi,disease
water power ball bag home fitness aqua bag weightlifting body building gym sport crossfit energy bag empty,disease
rack fitness equipment hand sponge grip bar muscle training push bar chest home gym body building,disease
new upgraded dumbbell stool home abdominal waist fitness bench dumbbell training auxiliary stool,disease
heavy duty resistance band handle pilate gym fitness exercise tube band elastic home workout strength training,disease
skipping rope bamboo joint design jump rope handle sport gym exercise fat burning fitness training segmented,disease
push rack workout bar stand abdominal body building sport fitness muscle grip training exercise equipment men home gym,disease
adjustable hand grip strengthener count hand exerciser grip workout finger strength muscle trainer handle wrist gym,disease
bamboo solidyoga block sport home gym exercise wood yoga block indoor sport exercise workout fitness training brick,disease
pilate yoga ball exercise gymnastics balance exercise fitness home yoga core training,disease
water filled exercise ball fitness aqua ball weightlifting hydration bag kettle dumbbell home gym equipment strength training,disease
arm wrestling grip handle strap armwrestling pronation rising rope gym home forearm finger strength training grip,disease
unisex fitness band pull elastic rubber band resistance loop energy set home gym workout expander strengthen trainning,disease
gym portable fitness rubber thicken resistance band yoga elastic gum pilate woman home workout sport strength exercise,disease
ankle brace compression sleeve relief achilles tendonitis joint pain plantar fasciitis sock foot arch support,disease
miyaup dumbbell lady small dumbbell dipped plastic coated color hexagonal dumbbell yoga aerobics home fitness equi,disease
bearing jump rope jumping rope speed crossfit cuerda para saltar equipment skipping adjustable skipping rope,disease
bearing jump rope jumping rope speed crossfit cuerda para saltar equipment skipping adjustable skipping rope,disease
durable pull band hip circle band yoga gym fitness resistance band exercise braided elastic hip lifting rubber band,disease
comprehensive fitness equipment high quality sport chair waist abdomen exerciser bench,disease
crossfit speed jump rope metal bearing handle adjustable skipping rope corda rope boxing fitness skip workout training,disease
aerial yoga swing extension strap antigravity yoga hammock aerial trapeze sling inversion tool home gym fitness,disease
adjustable hydraulic power twister arm exerciser arm workout equipment home chest expander fitness training,disease
yoga resistance band stretching rubber loop exercise fitness equipment strength training body pilate strength training,disease
resistance band different resistance level yoga band home gym exercise fitness equipment pilate training,disease
push bar home workout rack exercise stand fitness equipment foam handle floor men woman strength muscle grip training,disease
home multifunctional dumbbell training fitness equipment weight bench press squat rack barbell bench press,disease
spring resistance band elastic steel yoga tensioner fitness equipment woman men expander workout home gym exercise training,disease
thick strong fitness rubber band set resistance band leg long yoga man arm elastic home resistence workout band set,disease
shadow boxing resistance band rubber speed training pull rope muay thai karate arm strength training home gym workout,disease
abdominal muscle fitness wheel training slimming fitness ab roller bodybuilding abdominal roller wheel belly workout equipment,disease
natural latex yoga crossfit resistance band set fitness workout equipment home gym pilate expander mini booty band,disease
innstar adjustable bench press resistance band workout bar push elastice band portable chest expander fitness equipment,disease
accessory handle muscle training tool household fitness portable light sturdy home,disease
high speed heavy jump rope steel wire bearing rope racing competition fitness exercise outdoor sport rope skipping,disease
pull stand handle wooden push bar beech wood calisthenics exercise equipment home wood parallettes bar floor use,disease
jump rope speed skipping rope weight loss sport rolling pin primary senior crossfit comb cardio training fitness home gym mobile,disease
wosweir crossfit jump rope professional speed bearing skipping fitness workout training equipement mma boxing home exercise,disease
professional skipping rope racing skipping rope student training sport fitness gym jump rope workout equipment child,disease
jump rope cordless fitness jump ball exercise weighted wireless equipment home adult child training,disease
balance board fitness equipment ab twist board support degree rotation twist exerciser home workout,disease
gym weight loss exercise woman comprehensive home water dumbbell fitness aquatic barbell,disease
woman pelvic floor muscle trainer adjustable rotating anti back arm shaping slip trainer training fitness color home devi,disease
ankle brace compression sock foot arch support sleeve relief achilles tendonitis plantar fasciitis reduce swelling,disease
worthwhile silica gel hand grip ball egg men woman gym fitness finger heavy exerciser strength muscle recovery gripper trainer,disease
diameter pvc rope cc handle meter long skipping jump rope adult speed rope fitness crossfit cheap,disease
male arm strength machine household arm strength machine kg training arm strength machine kg stick arm strength machine,disease
led light jump rope glowing jump rope luminous jumping rope endurance training night party fitness tool random color,disease
home gym indoor sit fitness equipment weightlifting bed adjustable weight bench push barbell bed,disease
resistance band handle training exercise tube band pull rope fitness elastic band home workout strength equipment,disease
steel pully cable fitness hand grip lat pull rowing machine accessory gym home,disease
ab stimulator muscle toner em press trainer abdomen electrostimulation usb charged fitness home workout muscle toning belt,disease
shape tension strap silicone open back beautiful shoulder shape chest expansion fitness yoga slim waist,disease
em electric ab abdominal belt smart body massager lazy muscle training fitness massage belt equipment black home gym,disease
stepper counter monitor home gym workout fitness equipment waist machine,disease
resistance band door anchor elastic band home fitness yoga pilate latex tube training exercise new hot indoor sport,disease
fitness smart sport hoop thin waist exercise detachable massage hoop fitness equipment gym home training weight loss fitness,disease
jump rope rapid speed jumping rope cable ball bearing steel skipping rope gym fitness home exercise slim body,disease
resistance band pilate squat bar heavy duty aluminum alloy gym bar home deadlift strength training workout equipment,disease
fitness ab sling strap suspension heavy duty pair pull bar hanging leg raiser gym home,disease
woman pelvic floor strengthening muscle trainer leg slimming kegel exerciser adjustable thigh exercise home gym sport equipment,disease
push rack fitness equipment hand sponge grip bar muscle training push chest home gym equipment fitness accessory,disease
battle exercise outdoor indoor training rope exercise home gym battling climbing rope exercise rope equipment,disease
em electric ab abdominal belt smart body massager fitness massage belt equipment black cloth home gym,disease
stepper counter step machine counter home gym workout fitness equipment,disease
premium yoga block lightweight eva foam block yoga accessory training exercise fitness tool,disease
workout jump rope adjustable fitness jump rope rapid speed portable skipping rope fitness speed jump rope workout,disease
jump rope mat fitness exercise mat jump rope mat skipping rope pad indoor,disease
gym weight loss exercise woman comprehensive home water dumbbell fitness aquatic barbell,disease
foldable yoga mat eco friendly tpe folding travel fitness exercise mat double sided yoga pilate floor workout,disease
yoga mat non slip eco friendly fitness exercise mat carrying strap pro yoga mat woman workout mat home pilate,disease
em abdominal fitness instrument sport outdoor abdominal machine slimming belly artifact muscle lazy people abdom unisex,disease
magnet waist twisting disc fitness balance board weight lose trainer magnetic massage wriggling plate twister exercise equipment,disease
yoga mat sport fitness mat thick eva comfort foam yoga mat exercise yoga pilate gymnastics mat,disease
battle exercise improve strength home gym fitness rope jumping rope workout rope equipment training rope fitness,disease
fitness booty resistance elastic band workout training home exercise sport gym dumbbell harness set expander equipment,disease
tricep rope push pull cord bodybuilding exercise gym workout home gym use fitness exercise body equipment,disease
yoga starter kit yoga equipment set block ball stretching strap resistance loop pilate exercise band home fitness,disease
ab roller tire pattern fitness gym exercise abdominal wheel roller fitness equipment gym equipment home,disease
liposonic machine skin care weight loss machine skin tightening cellulite reduction body slimming machine,disease
pc tpe yoga tension sheet elastic band fitness exercise resistance band pilate resistance band home gym fitness training,disease
arch foot trainer fitness leg toe plantar function exerciser thumb valgus corrector toe splint buttock arch trainer,disease
resistance band heavy duty latex sport elastic belt pull assist band pilate workout fitness shape body home gym,disease
professional jump rope new speed skipping rope anti slip silicone jumping rope workout training exercise boxing equipment,disease
air pressure pressotherapy lymphatic drainage massage detox sauna suit fat slimming system body leg arm massage,disease
cordless jump rope heavy ball sport fitness training bodybuilding exercise rapid speed skipping rope home gym equipment,disease
cordless jump rope heavy ball sport fitness training bodybuilding exercise rapid speed skipping rope home gym equipment,disease
pc tpe yoga tension sheet elastic band fitness exercise resistance band pilate resistance band home gym fitness training,disease
ice silk memory cotton sleep eyemask portable travel light shielding cloud eye mask guarantee sleep health eyeshade tool,disease
indiba weight loss body slimming machine tecartherapy penetrates skin deep health care spa tecar machine,disease
resistanc elastic pull rope exerciser rower belly resistance band home gym sport training elastic band fitness equipment,disease
shape handle foam handle push stand aluminium alloy exercise board home fitness chest training equipment,disease
fitness ab sling strap suspension heavy duty pair pull bar hanging leg raiser gym home,disease
hand trainer carpal expander grip finger strength power gripper gripping ring stress relief gym home exercise fitness equipment,disease
em body slimming machine neo rf building muscle stimulator hiemt buttock lifting emszero sculpt fat removal equipment,disease
pgm hand grip exercise wrist arm trainer adjustable device strength muscle forearm training sport home gym equipment,disease
arthritis hand compression glove men woman open finger rheumatoid osteoarthritis computer typing pain,disease
push board home fitness push rack exercise arm chest muscle stand gym sport equipment training bodybuilding,disease
weight set muscle enhancement strength enhancement weight loss portable weight hand weight home gym,disease
emszero emsslim neo muscle body sculpting machine rf pelvic stimulationpadsoptional salon,disease
jaw exerciser facial gym fitness ball jawline muscle training double chin reducer neck face slimming mouth jawliner,disease
ballet foot stretcher ballet instep shaper elastic band rubber sleeve arch enhancer fitness home pilate gymnastics,disease
adjustable finger strengthener hand grip strengthener arm muscle forearm exerciser hand trainer office home fitness equipment,disease
workout band physical therapy pilate yoga portable resistance fitness exercise loop band gymnastics home rubber band,disease
new vacuum facial massager ultrasonic fat cavitation cellulite reduction liposuction weight loss slimming machine spa,disease
resistance band set exercise door elastic rope anchor handle handbag fitness strap training physiotherapy home workout men,disease
section adjustable detachable sport hoop abdominal waist exercise massage fitness hoop home training weight loss fitness,disease
yoga block indoor eva yoga block yoga strap foam fitness exercise yoga block brick set home gym fitness,disease
bungee dancing workout cord aerial yoga flying training rope set home gym fitness equipment,disease
landmine shape attachment barbell turn surface suitable exercise press spin squat fit bar,disease
yoga band cloth workout band elastic booty band free carrying bag home fitness stretching yoga pilate leg training,disease
rubber elastic fitness body building resistance band basketball training gym exercise home pilate power colorful,disease
pair stand floor chest workout equipment shape push handle aluminium alloy home fitness chest training equipment,disease
bodybuilding fitness twist waist disc health trainer fitness equipment balance board disc slimming gym equipment foot exerciser,disease
fitness elastic resistance band home training yoga sport resistance band stretching pilate crossfit workout gym equipment,disease
ab roller wheel roller keep fit wheel home crunch artifact noise abdominal training equipment gym strength workout,disease
face masseter jawline jaw muscle men mouth exerciser chew ball bite breaker training fitness face masseter men,disease
silicone toe workout equipment toe arch trainer correct valgus beautify leg enhance posture yoga fitness equipment foot,disease
wrist gyro ball adult portable gift strength training hand forearm strengthener wrist trainer fitness home gym equipment,disease
liposonic machine skin care weight loss machine skin tightening cellulite reduction body slimming machine,disease
elastic band fitness resistance band yoga pilate hip circle expander band gym training home workout equipment,disease
breathing trainer exercise lung face mouthpiece respirator sport fitness equipment household healthy care accessory,disease
cordless jump rope intelligent counting adjustable length suitable fitness training men woman child,disease
resistance elastic pull rope training device abdominal resistance band used home gym exercise training fitness equipment,disease
vacuum cavitation ultrasonic fat burning cellulite removal body slimming shape massage blast machine,disease
jawline exerciser ball facial jaw muscle toner trainin fitness silica face chin cheek lifting slimmin,disease
speed skipping rope adult jump rope weight loss child sport portable fitness equipment professional men woman gym,disease
fitness weight lifting barbell pad support squat bar pull sport gripper cover protection weight lifting barbell pad gym pad,disease
yoga sport resistance band pilate training fitness exercise home gym elastic band natural rubber latex yoga accessory,disease
emszero neo body shaping hiemt electromagnetic stimulation degreasing handle rf em pelvic stimulation pad optional,disease
rapid speed jump rope lose weight steel skipping rope exercise adjustable jumping rope fitness gym training home sport equipment,disease
yoga column foam fitness pilate back muscle massage roller gym home myofascial release grid body relaxation,disease
worthwhile training resistance band yoga gym fitness gum pull assist rubber band crossfit exercise home workout equipment,disease
training fitness rubber resistance band yoga home gym elastic gum pilate crossfit workout equipment bodybuilding sport,disease
daitea coenzyme stable highly absorbable form support energy production promotes overall health,disease
arm resistance rope rally fitness equipment rope trainer pilate fitness home suction cup stretcher chest muscle exerciser,disease
home fitness elastic exercise training strap resistance band pvc door anchor pull rope door buckle,disease
aerial yoga swing hammock set nylon home outdoor fitness yoga equipment hammock acrobatic dance gymnast body building,disease
ab belly wheel automatic rebound mute abdominal exerciser training arm muscle bodybuilding slimming home gym fitness equipment,disease
landmine shape attachment barbell turn surface suitable exercise press spin squat fit bar,disease
smart watch men woman fitness sport pedometer bracelet smart band bluetooth music heart rate take picture smartwatch,disease
four finger palm fitness hand guard single parallel bar pull anti slip wear resistant universal men woman,disease
solid wood slant board anti slip calf stretcher wood incline board ankle exercise training equipment home gym,disease
ab trainer sit bar abdominal curl exercise assistant device lose weight home gym fitness equipment,disease
vertical vacuum cavitation laser slim shape rolling massage body slimming system fat removal machine beauty salon,disease
yoga fitness resistance band elastic rubber band home gym bodybuilding pilate sport training workout band exercise equipment,disease
dumbbell bar barbell buckle barbell bar threaded dumbbell handle powerlifting fitness equipment home gym accessory,disease
resistanc elastic pull rope exerciser rower belly resistance band home gym sport training elastic band fitness equipment,disease
cordless jump rope heavy ball rapid speed skipping rope home gym equipment sport fitness training bodybuilding,disease
electronic em muscle stimulator abdominal toning belt remote control ab trainer fitness equipment home usb recharge,disease
thick yoga mat sport fitness mat home sport pilate gymnastics exercise gymnastics,disease
pvc fitness ball yoga ball thickened exercise home gym pilate equipment balance ball,disease
high density eva yoga block foam block pilate home gym yoga workout fitness training equipment,disease
resistance band elastic pull rope exerciser rower belly rubber band home gym sport training elastic band fitness equipment,disease
jump rope mat exercise shock absorption yoga mat high density board outdoor gym sport tpe skipping mat fitness,disease
jawline exerciser facial jaw muscle toner training fitness ball silica face chin cheek lifting slimming,disease
fitness equipment child dumbbell toddler toy sport fitness barbell ab kindergarten morning exercise barbell,disease
jump rope rapid speed jumping rope cable ball bearing steel skipping rope gym fitness home exercise slim body,disease
face masseter jawline mouth muscle exerciser chew ball bite breaker training fitness facial men jawlcare accessory jaw handle,disease
fitness weightlifting barbell pad squat protective neck shoulder support pad gym hip training weight lifting equipment,disease
em smart hip trainer buttock butt lifting bum lift fitness massage machine electric vibration muscle stimulator exercise,disease
ankle strap leg strength workout pulley adjustable support cuff sport exercise fitness home gym booty workout,disease
rapid speed jump rope lose weight steel skipping rope exercise adjustable jumping rope fitness gym training home sport equipment,disease
speed skipping rope adult jump rope weight loss child sport portable fitness equipment professional men woman gym,disease
aliexpress collection foldable yoga mat eco friendly tpe folding travel fitness exercise mat double sided yoga,disease
rubber yoga resistance band level fitness elastic band crossfit exercise training home workout gym equipment,disease
pelvic floor exerciser men woman kegel training device inner thigh exerciser leg hip trainer home gym fitness equipment,disease
counting jump rope ball steel pvc skipping rope exercise adjustable cordless jump rope fitness gym training home sport equipment,disease
steel wire heavy jump rope speed fitness rope solid pvc rubber coating bearing high speed cable,disease
jump rope steel wire fitness exercise volume find spare replaceable metal speed jumper,disease
finger exerciser spring grip professional wrist strength arm muscle hand gripper carpal expander hand trainer power equipment,disease
portable pilate bar kit resistance band exercise resistance band home gym equipment support full body workout,disease
pc muscle training kegel exerciser device leg trainer male pelvic floor muscle repair use exercising eva home gym equipment,disease
puzzle fitness mat massager mat eva interlocking foam floor tile home gym home gym equipment mat floor mat,disease
health yoga ball triflow volumetric deep breathing exerciser inspiratory trainer spirometry lung function spirometer,disease
practical child dumbbell bodybuilding exercise equipment training arm muscle fitness kid gym home short style,disease
wrist forearm blaster arm muscle strength trainer exerciser forearm roller hand grip fitness equipment home gym workout,disease
cordless jump rope training gym sport fitness adjustable exercise rapid speed skipping rope home sport,disease
cordless jump rope training gym sport fitness adjustable exercise rapid speed skipping rope home sport,disease
foldable bracket home use fitness stand rack push bar red,disease
home fitness elastic exercise training strap resistance band pvc door anchor pull rope door buckle,disease
cordless jump rope training gym sport fitness adjustable exercise rapid speed skipping rope home sport,disease
cordless jump rope heavy ball sport fitness training bodybuilding exercise rapid speed skipping rope home gym equipment,disease
household fitness equipment suction cup double bar assist device abdominal trainer home exercise sport new,disease
household fitness equipment suction cup double bar assist device abdominal trainer home exercise sport new,disease
abdominal exercise mat sit bench abdominal core trainer ab mat full range motion belly workout fitness equipment,disease
fitness sit muscle training aid suction cup assistant yoga gym equipment exercised abdomen arm stomach thigh,disease
natural cork tpe printed yoga mat esterilla yoga home fitness pad gymnastics pilate mat bag,disease
eva yoga block foam pilate stretching body shaping gym home fitness training back exercise meditation cube yoga accessory,disease
latest ultrasonic cavitation vacuum lipo rf laser weight loss machine suitable home business,disease
arm ball arm strength exerciser gyroscope forearm exercise gyroscope led light core trainer home gym equipment fitness,disease
double wheel abdominal wheel exercise abdominal muscle fitness equipment elbow support rebound abdominal retractor household use,disease
durable thickness yoga mat exercise pad health lose weight fiting accessory,disease
high speed heavy jump rope steel wire bearing rope racing competition fitness exercise outdoor sport rope skipping,disease
arm wrestling training table pulley gym cable system loading pin forearm exerciser portable home fitness equipment,disease
grip strength trainer adjustable counting grip professional arm muscle device grade training exercise grip strength han,disease
led luminous jump rope glowing jumping rope fitness skip rope adjustable skipping rope training sport equip outdoor jumping,disease
yoga mat thickened sport exercise pad beginner environmental fitness gymnastics mat home pilate yoga pad,disease
hot leg trainer leg weight loss muscle clip leg exercise fitness thigh arm waist trainer yoga fitness equippment,disease
led digital electronic hand grip power strength trainer tester hand auto capturing dynamometer professional fitness accessory,disease
pink barbell pad adjustable strap workout foam weightlifting support squat hip bar neck pad gym fitness training protector,disease
smart adjustable sport hoop abdominal thin waist exercise detachable hola massage fitness hoop gym home training loss weight,disease
yoga block brick eva prop foam brick exercise fitness tool exercise workout stretching aid body shaping health training equipme,disease
wrist ball bag powerball storage bag handball gyro hand grip strengthener carrying case fitness accessory,disease
booster pro deep tissue muscle massage gun body massager fascial gun head low noise fitness shaping,disease
board fitness floor chest muscle exercise strength sport home workout bar stand elastic band,disease
fitness resistance band gym handle grip attachment cable machine home gym pull band pulley lat pull system,disease
portable fitness workout equipment rubber resistance band yoga gym elastic gum strength pilate crossfit woman weight sport,disease
adjustable weightlifting biceps training board arm blaster triceps arm bomber bicep curl support isolator gym lifting equipment,disease
latest resistant band gym home pulley fitness rope trainer wall pulley endless rope trainer,disease
fitness ball double lacrosse massage ball set mobility peanut ball release deep tissue yoga gym home,disease
tricep rope push pull cord bodybuilding exercise gym workout home gym use fitness exercise body equipment,disease
counting folding push board multifunctional exercise abdominal muscle enhancement gym sport portable fitness equipment,disease
professional golden stripper pole dance spin pole removable home fitness exercise training pole pole kit,disease
resistance band handle yoga pull rope elastic fitness exercise tube band home workout strength training,disease
pelvic floor strengthening device woman pelvic floor muscle exerciser woman inner thigh exercise equipment,disease
supine board belly retraction machine men woman home abdominal muscle exercise,disease
heavy weighted skipping jump rope adjustable length bearing skipping fitness boxing workout cardio exercise,disease
eva gym block foam brick training exercise fitness set tool yoga bolster pillow cushion stretching body shaping yoga block,disease
new weight loss gel em body shaping slimming massage equipment conductive gel anti cellulite fat burner massager cream,disease
new vibrating body slimming machine high frequency fat reduce body shaping electric massager weight loss slim waist equipment,disease
fitness iron ball solid hollow hand revolving massage health ball chinese health care exercise fitness whs,disease
breathing exercise lung portable breath fitness exerciser device endurance workout adjustable resistance,disease
kegel exerciser adjustable weight inner thigh exercise equipment hip pelvic floor trainer make men last longer woman tighter,disease
upgrade em muscle trainer electric ab stimulator slimming belt abdominal exerciser toning belt fitness training gym wort,disease
section smart weighted sport hoop abdominal thin waist exercise detachable hoop massage fitness circle training weight loss,disease
jump rope speed wire skipping adjustable jump rope fitness exercise cardio crossfits sport fitness rope skipping,disease
fitness forearm trainer arm strength wrist strength thousand pound stick exercise equipment arm arm forearm muscle trainer,disease
squat wedge block heel elevated portable training equipment muscle gym workout exercise fitness training equipment,disease
weight lifting bulgarian sandbag boxing fitness workout physical training exercise power bag home,disease
hand gripper strengthener finger exerciser grip strength muscle arm trainer recovery wrist gym equipment,disease
early education fitness equipment gift kindergarten exercise home dancing prop child dumbbell hand weight gym,disease
yoga massage ball peanut ball back physical relaxing roller home gym equipment muscle relaxer leg spine body neck arm,disease
pull resistance band assist exercise workout band fitness powerlifting stretch mobility assistance band home training,disease
resistance band push stand bar abdominal wheel ab roller jump rope grip strength exercise home gym fitness muscle trainer,disease
shape tension strap silicone open back beautiful shoulder shape chest expansion fitness yoga slim waist,disease
nevertoolate tpu pvc material skipping rope rapid speed jump rope tangle free crossfit exercise fitness training workout,disease
home exercise fitness lose weight waist twist disc balance board plate rotate relax workout fitness equipment foot massage,disease
household fitness equipment suction cup double bar assist device abdominal trainer home exercise sport new,disease
fitness stick yoga resistance band detachable workout bar woman men bodybuilding elastic band exercise home gym,disease
shape floor chest workout equipment foam handle push stand bar anti slip home fitness chest training equipment,disease
fitness sit muscle training aid suction cup assistant yoga gym equipment exercised abdomen arm stomach thigh,disease
new corssfit jump rope speed skipping rope portable fitness equipment,disease
training rope fitness professional skipping rope gym outdoor home battling training fitness rope battling strength training,disease
adjustable bench press band bar chest builder workout equipment upgraded push resistance band home gym travel training,disease
sit assist bar suction cup multifunction yoga pedal puller abdominal workout fitness exerciser home gym equipment,disease
yoga column foam fitness pilate back muscle massage roller gym home myofascial release grid body relaxation,disease
aist twisting disc health trainer weight loss slimming gym equipment body building twist waist disc slimming,disease
ab roller wheel roller keep fit wheel home crunch artifact noise abdominal training equipment gym strength workout,disease
kid balance board funny exercise exercise equipment home workout,disease
kettlebell handle dumbbell adjustable portable weight grip travel fitness weightlifting bodybuilding workout equipment,disease
fitness slim vibration machine trainer plate platform fat burning weight loss shaking body shaper remote control,disease
nevertoolate tpu bead pvc rope speed skip skipping fitness jump rope crossfit freestyle anti slid handle long handle,disease
extra thick yoga mat nrb non slip sport mat fitness odorless pilate sport home yuka fitness mat bandage,disease
ab roller wheel abdominal exercise ab wheel equipment home workout abdominal trainer body muscle core workout,disease
bold sport elastic belt auxiliary men woman gym pilate exercise equipment rubber fitness resistance belt,disease
half round yoga column roller fitness high density molded half foam roller balance pad yoga block massage floating point,disease
portable exercise resistance band set exercise stretch fitness home set,disease
fitness rubber rope diameter comprehensive fitness exercise rubber band rope,disease
em muscle stimulator wireless electric fitness abdominal pulse massage training pad weight loss sticker body slimming massager,disease
color thick nbr washable fitness yoga pilate mat high density tasteless exercise gymnastics pad gym home,disease
inflatable spiky massage half ball thicken durable fitness tool foot massager pain relief yoga fitness tool   ,disease
woman yoga resistance rubber band bodybuilding elastic band pilate exercise workout band expander belt fitness equipment,disease
artistic natural cork tpe yoga mat nature series pilate exercise gym fitness styled training pad,disease
cordless jump rope training gym sport fitness adjustable exercise rapid speed skipping rope home,disease
vertical jump measuring tool high jump test stick pole training tool touching patting adjustable vertical jump trainer,disease
natural cork tpe printed yoga mat esterilla yoga home fitness pad gymnastics pilate mat bag,disease
abdominal exercise mat sit bench abdominal core trainer ab mat full range motion belly workout fitness equipment,disease
fitness sit muscle training aid suction cup assistant yoga gym equipment exercised abdomen arm stomach thigh,disease
eva yoga block foam pilate stretching body shaping gym home fitness training back exercise meditation cube yoga accessory,disease
latest ultrasonic cavitation vacuum lipo rf laser weight loss machine suitable home business,disease
shape floor chest workout equipment foam handle push stand bar anti slip home fitness chest training equipment,disease
thickness yoga mat alignment mark width tpe exercise fitness mat home workout outdoors travel,disease
arm ball arm strength exerciser gyroscope forearm exercise gyroscope led light core trainer home gym equipment fitness,disease
nevertoolate tpu pvc material skipping rope rapid speed jump rope tangle free crossfit exercise fitness training workout,disease
